<?xml version="1.0" encoding="utf-8"?>
<OpenSauce>
	<CacheFiles>
		<CheckYeloFilesFirst>true</CheckYeloFilesFirst>
		<MainMenuScenario/>
	</CacheFiles>
	<Rasterizer>
		<GBuffer>
			<Enabled>true</Enabled>
		</GBuffer>
		<Upgrades>
			<MaximumRenderedTriangles>true</MaximumRenderedTriangles>
		</Upgrades>
		<ShaderExtensions>
			<Enabled>true</Enabled>
			<Rasterizer>
				<ShaderExtensions>
					<Object>
						<NormalMaps>true</NormalMaps>
						<DetailNormalMaps>true</DetailNormalMaps>
						<SpecularMaps>true</SpecularMaps>
						<SpecularLighting>true</SpecularLighting>
					</Object>
                    <Environment>
                        <DiffuseDirectionalLightmaps>true</DiffuseDirectionalLightmaps>
                        <SpecularDirectionalLightmaps>true</SpecularDirectionalLightmaps>
                    </Environment>
                    <Effect>
                        <DepthFade>true</DepthFade>
                    </Effect>
				</ShaderExtensions>
			</Rasterizer>
		</ShaderExtensions>
		<PostProcessing>
			<MotionBlur>
				<Enabled>false</Enabled>
				<BlurAmount>1</BlurAmount>
			</MotionBlur>
			<Bloom>
				<Enabled>true</Enabled>
			</Bloom>
			<AntiAliasing>
				<Enabled>false</Enabled>
			</AntiAliasing>
			<ExternalEffects>
				<Enabled>true</Enabled>
			</ExternalEffects>
			<MapEffects>
				<Enabled>true</Enabled>
			</MapEffects>
		</PostProcessing>
	</Rasterizer>
	<Camera>
		<FieldOfView>70.0</FieldOfView>
		<IgnoreFOVChangeInCinematics>true</IgnoreFOVChangeInCinematics>
		<IgnoreFOVChangeInMainMenu>true</IgnoreFOVChangeInMainMenu>
	</Camera>
	<Networking>
		<GameSpy>
			<NoUpdateCheck>true</NoUpdateCheck>
		</GameSpy>
		<MapDownload>
			<Enabled>true</Enabled>
		</MapDownload>
	</Networking>
	<Objects>
		<VehicleRemapperEnabled>true</VehicleRemapperEnabled>
	</Objects>
	<HUD>
		<ShowHUD>true</ShowHUD>
		<ScaleHUD>true</ScaleHUD>
		<HUDScale>
			<X>1</X>
			<Y>1</Y>
		</HUDScale>
	</HUD>
</OpenSauce>
